<?xml version="1.0" encoding="utf-8"?>
<extension type="component" version="3.0" method="upgrade">

    <name>com_websitetemplate</name>
    <!-- The following elements are optional and free of formatting constraints -->
    <creationDate>2018-06-21</creationDate>
    <author>Jason</author>
    <authorEmail>fdjkgh580@gmail.com</authorEmail>
    <authorUrl></authorUrl>
    <copyright></copyright>
    <license></license>
    <!--  The version string is recorded in the components table -->
    <version>0.1.4</version>
    <!-- The description is optional and defaults to the name -->
    <description>自訂模板提供編輯器上稿</description>

    <install> <!-- Runs on install -->
        <sql>
            <file driver="mysql" charset="utf8">sql/install.mysql.utf8.sql</file>
        </sql>
    </install>
    <uninstall> <!-- Runs on uninstall -->
        <sql>
            <file driver="mysql" charset="utf8">sql/uninstall.mysql.utf8.sql</file>
        </sql>
    </uninstall>
    <update> <!-- Runs on update; New since J2.5 -->
        <schemas>
            <schemapath type="mysql">sql/updates/mysql</schemapath>
        </schemas>
    </update>

    <!-- Site Main File Copy Section -->
    <!-- Note the folder attribute: This attribute describes the folder
        to copy FROM in the package to install therefore files copied
        in this section are copied from /site/ in the package -->
    <!-- <files folder="site">
        <filename>index.html</filename>
        <filename>helloworld.php</filename>
        <filename>controller.php</filename>
        <folder>views</folder>
    </files> -->

    <administration>
        <!-- Administration Menu Section -->
        <menu link='index.php?option=com_websitetemplate'>Website Template 網站模版</menu>
        <!-- Administration Main File Copy Section -->
        <!-- Note the folder attribute: This attribute describes the folder
            to copy FROM in the package to install therefore files copied
            in this section are copied from /admin/ in the package -->
        <files folder="admin">
            <!-- Admin Main File Copy Section -->
            <filename>composer.json</filename>
            <filename>composer.lock</filename>
            <filename>controller.php</filename>
            <filename>package.json</filename>
            <filename>webpack.config.js</filename>
            <filename>websitetemplate.php</filename>
            <!-- SQL files section -->
            <folder>assets</folder>
            <folder>controllers</folder>
            <folder>models</folder>
            <folder>sql</folder>
            <folder>vendor</folder>
            <folder>views</folder>
        </files>
    </administration>

</extension>