<?xml version="1.0" encoding="utf-8"?>
<extension version="3.0" type="plugin" group="editors-xtd" method="upgrade">
    <name>plg_editors-xtd_websitetemplate</name>
    <author>Jason</author>
    <creationDate>2018-05-25</creationDate>
    <authorEmail>fdjgkh580@gmail.com</authorEmail>
    <version>0.1.3</version>
    <description>編輯器按鈕：Website Template 網站模版</description>
    <files>
        <filename plugin="websitetemplate">composer.json</filename>
        <filename plugin="websitetemplate">composer.lock</filename>
        <filename plugin="websitetemplate">main.js</filename>
        <filename plugin="websitetemplate">websitetemplate.php</filename>
        
        <folder plugin="websitetemplate">vendor</folder>
    </files>
</extension>